llm_model,step_number,template_number,overall_score,semantic_similarity,accuracy_score,coherence_score,creativity_score,engagement_score,sentiment_alignment
ChatGPT,9,1,3.2071868778570107,0.3156270540357648,0.93835187,0.022717512668556216,0.5,0.5266136162687887,0.9038768253007713
ChatGPT,9,2,3.21310533586545,0.2993659895633664,0.9544114,0.013202093586438557,0.49193548387096775,0.5306382079459002,0.9235521734552345
ChatGPT,9,3,3.409879955879311,0.29512478162645744,0.9159258,0.08298130040471478,0.660377358490566,0.5219635627530365,0.9335071518042124
ChatGPT,9,4,3.309151512973186,0.3101213085563345,0.91096866,3.4639520367345186e-05,0.6624203821656051,0.5130708535650397,0.912535667857551
ChatGPT,9,5,3.2428254386429494,0.30492864057534125,0.93677175,6.45109265381824e-05,0.6275862068965518,0.48947412587412586,0.8840002039202577
