llm_model,step_number,template_number,overall_score,semantic_similarity,accuracy_score,coherence_score,creativity_score,engagement_score,sentiment_alignment
ChatGPT,9,1,3.240040958057206,0.3156270540357648,0.97120595,0.022717512668556216,0.5,0.5266136162687887,0.9038768253007713
ChatGPT,9,4,3.1903973644899097,0.3101213085563345,0.7922145,3.4639520367345186e-05,0.6624203821656051,0.5130708535650397,0.912535667857551
ChatGPT,9,3,3.4391594859276813,0.29512478162645744,0.94520533,0.08298130040471478,0.660377358490566,0.5219635627530365,0.9335071518042124
ChatGPT,9,5,3.2780347367767995,0.30492864057534125,0.97198105,6.45109265381824e-05,0.6275862068965518,0.48947412587412586,0.8840002039202577
ChatGPT,9,2,3.212568059597445,0.2993659895633664,0.9538741,0.013202093586438557,0.49193548387096775,0.5306382079459002,0.9235521734552345
