llm_model,step_number,template_number,overall_score,semantic_similarity,accuracy_score,coherence_score,creativity_score,engagement_score,sentiment_alignment
Meta-Llama3-8B,7,2,3.004976635862268,0.2860421314338843,0.93662685,0.002989676274115943,0.4,0.5079404466501241,0.8713775299454578
Meta-Llama3-8B,7,5,3.217636754205304,0.28257238444214916,0.9503664,0.0007722113731291036,0.5892857142857143,0.5230192307692307,0.8716208355045757
Meta-Llama3-8B,7,3,3.2259358995977063,0.2892920633700632,0.90432614,0.0007215215446333227,0.6027397260273972,0.5288717532467533,0.899984694528275
Meta-Llama3-8B,7,1,4.112556940004579,0.29048623931369105,0.89771676,1.0,0.5204081632653061,0.5089529338585943,0.8949928429316114
Meta-Llama3-8B,7,4,3.3831030957966437,0.29562201372998753,0.91739094,0.0013692065448072841,0.696969696969697,0.5210081981510554,0.9507430378275493
