llm_model,step_number,template_number,overall_score,semantic_similarity,accuracy_score,coherence_score,creativity_score,engagement_score,sentiment_alignment
Meta-Llama3-8B,7,2,3.006016126999925,0.2809307149971525,0.94123816,0.0029605014726984367,0.42857142857142855,0.5017642140468227,0.8505511030100896
Meta-Llama3-8B,7,5,3.2134253924288902,0.28397599601539025,0.934435,0.0005297091614609942,0.6063829787234043,0.5092814217032967,0.878820276868978
Meta-Llama3-8B,7,3,3.214175658223859,0.2881146785209576,0.9303946,0.0015006917250920346,0.6024096385542169,0.5069358974358974,0.8848201620867245
Meta-Llama3-8B,7,1,3.120594027446203,0.2882131625165187,0.89910764,6.298419096806702e-05,0.5609756097560976,0.47879450549450553,0.8934401304669034
Meta-Llama3-8B,7,4,3.3055151772526092,0.29171556226660805,0.93989277,0.0005107904482186183,0.6283185840707964,0.5276256410256411,0.9174518305814815
