llm_model,step_number,template_number,overall_score,semantic_similarity,accuracy_score,coherence_score,creativity_score,engagement_score,sentiment_alignment
Meta-Llama3-8B,7,2,3.008151166299724,0.2865288290773567,0.93662685,0.002989676274115943,0.4,0.5079404466501241,0.8740653627394417
Meta-Llama3-8B,7,5,3.221854932449852,0.2841027298927131,0.9503664,0.0007722113731291036,0.5892857142857143,0.5230192307692307,0.8743086682985597
Meta-Llama3-8B,7,3,3.2282048425109875,0.28887317348936,0.90432614,0.0007215215446333227,0.6027397260273972,0.5288717532467533,0.902672527322259
Meta-Llama3-8B,7,1,4.117166342182674,0.2924078086978027,0.89771676,1.0,0.5204081632653061,0.5089529338585943,0.8976806757255954
Meta-Llama3-8B,7,4,3.3858799208542267,0.2957110059935864,0.91739094,0.0013692065448072841,0.696969696969697,0.5210081981510554,0.9534308706215333
