llm_model,step_number,template_number,overall_score,semantic_similarity,accuracy_score,coherence_score,creativity_score,engagement_score,sentiment_alignment
ChatGPT,4,1,3.432301916016459,0.2574363834286729,0.94716203,0.09225092250922509,0.6515151515151515,0.6575,0.8264374264360292
ChatGPT,4,2,3.210323853184052,0.29820917848497625,0.9501607,0.0599250936329588,0.46938775510204084,0.5740625,0.8585786437626906
ChatGPT,4,3,3.0719180586417263,0.2388376041625937,0.92642796,0.02979737783075089,0.6,0.6371428571428571,0.6397122591097115
ChatGPT,4,4,3.423912233586788,0.27060542565226164,0.93049884,0.06716417910447761,0.7017543859649122,0.6028869047619048,0.8510024996785489
ChatGPT,4,5,3.2906793146778277,0.29072604881599545,0.9346762,0.03201024327784891,0.5,0.5635714285714286,0.9696954236634336
