llm_model,step_number,template_number,overall_score,semantic_similarity,accuracy_score,coherence_score,creativity_score,engagement_score,sentiment_alignment
Mixtral-8x7B,6,2,2.7812795672090997,0.2369746333826333,0.6351506,1.0,0.0,0.2155672609400324,0.6935870614858295
Mixtral-8x7B,6,5,3.3615144403414208,0.2999043070990592,0.8427997,0.005329354082285227,0.782051282051282,0.455,0.9764297739604484
Mixtral-8x7B,6,3,2.5292074837526273,0.2867739939906945,0.7869437,0.0022624434389140274,0.16666666666666666,0.5222629659643436,0.7642977396044842
Mixtral-8x7B,6,4,3.1877242815676246,0.2599745350304459,0.79008603,0.023121387283236993,0.7818181818181819,0.526,0.806724146475677
Mixtral-8x7B,6,1,4.222755347273209,0.24841841045767069,0.83234084,1.0,0.7702702702702703,0.5980000000000001,0.7737258300203048
