llm_model,step_number,template_number,overall_score,semantic_similarity,accuracy_score,coherence_score,creativity_score,engagement_score,sentiment_alignment
Meta-Llama3-8B,1,2,2.508661843555541,0.2974261470139027,0.46680462,0.21333333333333335,0.625,0.1418,0.7642977396044842
Meta-Llama3-8B,1,1,2.530777878778548,0.3195421822369099,0.46680462,0.21333333333333335,0.625,0.1418,0.7642977396044842
