llm_model,step_number,template_number,overall_score,semantic_similarity,accuracy_score,coherence_score,creativity_score,engagement_score,sentiment_alignment
Meta-Llama3-8B,1,5,3.2755580171102485,0.2711899468941348,0.8159157,0.008744316194473594,0.75,0.7075,0.722208050248142
Meta-Llama3-8B,1,2,4.188468988043697,0.3351413510739803,0.92701185,1.0,0.5263157894736842,0.4,1.0
Meta-Llama3-8B,1,1,3.8839285520667377,0.3695911131799221,0.93251926,1.0,0.18181818181818182,0.4,1.0
Meta-Llama3-8B,1,4,3.145041095195281,0.31159646000524965,0.80566776,0.014059274837403124,0.6346153846153846,0.6007575757575758,0.7783446419916917
Meta-Llama3-8B,1,3,4.2230503877330765,0.3380422044545412,0.9060608,1.0,0.5789473684210527,0.4,1.0
