llm_model,semantic_similarity,accuracy_score,coherence_score,creativity_score,engagement_score,sentiment_alignment
Meta-Llama3-8B,0.2974261470139027,0.46680462,0.21333333333333335,0.625,0.1418,0.7642977396044842
Meta-Llama3-8B,0.3195421822369099,0.46680462,0.21333333333333335,0.625,0.1418,0.7642977396044842
