llm_model,step_number,template_number,overall_score,semantic_similarity,accuracy_score,coherence_score,creativity_score,engagement_score,sentiment_alignment
Meta-Llama3-8B,1,5,3.5250228510022037,0.31727751027260503,0.80339587,0.002001761550164144,0.8,0.6175,0.9848477118317168
Meta-Llama3-8B,1,2,4.16950165964663,0.33642164207994935,0.93308,1.0,0.5,0.4,1.0
Meta-Llama3-8B,1,1,3.875412955676967,0.3695911131799221,0.92400366,1.0,0.18181818181818182,0.4,1.0
Meta-Llama3-8B,1,4,3.175609633857999,0.2730822220783342,0.80052197,0.0033592714580025457,0.7840909090909091,0.6190775401069519,0.6954777213285742
Meta-Llama3-8B,1,3,3.8686835994774644,0.35720521658658977,0.9296602,1.0,0.18181818181818182,0.4,1.0
