llm_model,step_number,template_number,overall_score,semantic_similarity,accuracy_score,coherence_score,creativity_score,engagement_score,sentiment_alignment
Meta-Llama3-8B,1,5,3.5253507547420195,0.318304117391152,0.80256236,0.00213656952397231,0.8,0.6175,0.9848477118317168
Meta-Llama3-8B,1,2,4.188468988043697,0.3351413510739803,0.92701185,1.0,0.5263157894736842,0.4,1.0
Meta-Llama3-8B,1,1,3.875412955676967,0.3695911131799221,0.92400366,1.0,0.18181818181818182,0.4,1.0
Meta-Llama3-8B,1,4,3.0827077257456055,0.25109027849679644,0.820533,0.006086108931840335,0.7466666666666667,0.6504545454545454,0.6078771486147327
Meta-Llama3-8B,1,3,4.2230503877330765,0.3380422044545412,0.9060608,1.0,0.5789473684210527,0.4,1.0
