llm_model,step_number,template_number,overall_score,semantic_similarity,accuracy_score,coherence_score,creativity_score,engagement_score,sentiment_alignment
ChatGPT,6,2,3.120830968726192,0.20969923676612476,0.79544187,1.0,0.17647058823529413,0.37919683054204933,0.5600224472617038
ChatGPT,6,5,3.1800576471447215,0.255604177758717,0.86261976,0.0001383891502906172,0.7291666666666666,0.5519442322383499,0.7805844236784143
ChatGPT,6,3,2.8200330508307276,0.2771493780586336,0.75251496,0.00040797890166251405,0.42342342342342343,0.4978571428571429,0.8686801692082127
ChatGPT,6,4,3.3073280172797443,0.2854738223885319,0.831192,0.00020684424628254923,0.822429906542056,0.489936974789916,0.878088452711395
ChatGPT,6,1,3.260267773861208,0.2916962983006878,0.84145784,0.0004935834155972359,0.7090909090909091,0.4886607142857143,0.9288684249877819
