llm_model,step_number,template_number,overall_score,semantic_similarity,accuracy_score,coherence_score,creativity_score,engagement_score,sentiment_alignment
ChatGPT,2,3,4.352889592134949,0.2735811115278518,0.7764924,0.1080704302051189,0.9152542372881356,1.4430314814814815,0.8364599147736884
ChatGPT,2,4,4.123315476283796,0.2542860948013729,0.7616978,0.07811491284699805,0.8823529411764706,1.3714076923076925,0.7754560063815783
ChatGPT,2,1,5.22631703886553,0.27739493523015335,0.7619101,0.6312485989688411,0.9357429718875502,1.7544909090909093,0.8655295427783469
ChatGPT,2,2,4.009619688941148,0.2749484682291148,0.77742934,0.10214608933696973,0.8674698795180723,1.165750568181818,0.8218753414052756
ChatGPT,2,5,4.7636198470036,0.27035541876392727,0.759755,0.7007078966141689,0.9419354838709677,1.2498666666666667,0.8409993657146391
