llm_model,step_number,template_number,overall_score,semantic_similarity,accuracy_score,coherence_score,creativity_score,engagement_score,sentiment_alignment
ChatGPT,2,3,3.3715665540537376,0.2735811115278518,0.7764924,0.1080704302051189,0.9152542372881356,0.4617084434002696,0.8364599147736884
ChatGPT,2,4,3.190316359936226,0.2542860948013729,0.7616978,0.07811491284699805,0.8823529411764706,0.4384085759601224,0.7754560063815783
ChatGPT,2,1,3.9743168705507816,0.27739493523015335,0.7619101,0.6312485989688411,0.9357429718875502,0.5024907407761605,0.8655295427783469
ChatGPT,2,2,3.2440171642199194,0.2749484682291148,0.77742934,0.10214608933696973,0.8674698795180723,0.4001480434605895,0.8218753414052756
ChatGPT,2,5,3.9477983447944682,0.27035541876392727,0.759755,0.7007078966141689,0.9419354838709677,0.43404516445753555,0.8409993657146391
