llm_model,step_number,template_number,overall_score,semantic_similarity,accuracy_score,coherence_score,creativity_score,engagement_score,sentiment_alignment
ChatGPT,2,1,3.9626467708077717,0.27697903949058306,0.78032625,0.6312485989688411,0.9357429718875502,0.472820370467179,0.8655295427783469
ChatGPT,2,2,3.2427006415164135,0.27441133743369556,0.7947935,0.10214608933696973,0.8674698795180723,0.3820045072272466,0.8218753414052756
ChatGPT,2,3,3.360611316779199,0.27373653422469557,0.7886375,0.1080704302051189,0.9152542372881356,0.4384526814048091,0.8364599147736884
ChatGPT,2,4,3.203117035212361,0.25499004917206525,0.7959051,0.07811491284699805,0.8823529411764706,0.4162980124150337,0.7754560063815783
ChatGPT,2,5,3.9414775205704586,0.2704171033314085,0.77270615,0.7007078966141689,0.9419354838709677,0.4147115200306689,0.8409993657146391
