llm_model,step_number,template_number,overall_score,semantic_similarity,accuracy_score,coherence_score,creativity_score,engagement_score,sentiment_alignment
ChatGPT,5,1,3.2494088040486,0.2962552866942288,0.8795183,0.001579643022168732,0.5135135135135135,0.602561224489796,0.9559808658363387
ChatGPT,5,4,3.1645119132528334,0.27075700183073775,0.9043169,0.03169608435617981,0.5037037037037037,0.5920478158205431,0.8619904053810248
ChatGPT,5,3,3.2811693259416317,0.29690842505796605,0.8740367,0.005340496128930321,0.5866141732283464,0.5942250673854448,0.9240444348051587
ChatGPT,5,5,3.318710879472518,0.28848976795760883,0.87004364,0.01935602660590578,0.6346153846153846,0.5984142857142858,0.907791779210986
ChatGPT,5,2,3.204688573810146,0.29227855417807014,0.8510158,0.005641430666817107,0.5,0.6322363636363637,0.9235164191307749
