llm_model,step_number,template_number,overall_score,semantic_similarity,accuracy_score,coherence_score,creativity_score,engagement_score,sentiment_alignment
Meta-Llama3-8B,8,4,2.8126029686313494,0.2138329107149371,0.843841,0.00241196333815726,0.6,0.6299107142857143,0.522606363999969
Meta-Llama3-8B,8,1,3.046490190730802,0.28747556442477634,0.8849876,0.0063496809769010565,0.43455497382198954,0.5287068965517242,0.9044154822582675
Meta-Llama3-8B,8,3,2.8434037677757447,0.21537004583524094,0.84011304,0.011283616863162545,0.6225490196078431,0.5665934065934066,0.5874946350909964
Meta-Llama3-8B,8,5,2.8878444451667455,0.2097324216484104,0.8458412,0.01337334222419797,0.675,0.5800304383116883,0.5638670140205042
Meta-Llama3-8B,8,2,2.7427437419992793,0.20279399041066828,0.9070262,0.006408248127367492,0.5102040816326531,0.6081578947368421,0.5081533554074832
