llm_model,step_number,template_number,overall_score,semantic_similarity,accuracy_score,coherence_score,creativity_score,engagement_score,sentiment_alignment
Meta-Llama3-8B,8,1,3.028795787052472,0.2741464348717621,0.8671993,0.0047044741219126876,0.506578947368421,0.5306545454545455,0.8455120835161655
Meta-Llama3-8B,8,2,2.8171852262149275,0.1917859794282569,0.89846915,0.01360511202782496,0.5241935483870968,0.6241176470588236,0.56501378924655
Meta-Llama3-8B,8,3,2.8634913507225184,0.20166872470461714,0.855036,0.013541591341866126,0.6277777777777778,0.6256527682843472,0.5398144683349793
Meta-Llama3-8B,8,4,2.790065032932157,0.2264294179708443,0.8440242,0.001763620429691965,0.5304347826086957,0.6065303030303031,0.5808827275266546
Meta-Llama3-8B,8,5,2.890048971176145,0.22765348611149439,0.8159637,0.0171301129353706,0.6352941176470588,0.578198051948052,0.6158095170216265
