llm_model,step_number,template_number,overall_score,semantic_similarity,accuracy_score,coherence_score,creativity_score,engagement_score,sentiment_alignment
Mixtral-8x7B,4,4,2.865289894446116,0.2119197770021856,0.85839444,0.023920265780730896,0.625,0.6555882352941176,0.4904671723802819
Mixtral-8x7B,4,1,3.300236186596055,0.3042566754184663,0.9337669,0.0239880059970015,0.4835164835164835,0.5611363636363637,0.9935717565346678
Mixtral-8x7B,4,3,3.023609747446534,0.22422935719601808,0.93390393,0.043478260869565216,0.5833333333333334,0.67,0.568664863476206
Mixtral-8x7B,4,5,3.1027511832778654,0.30030254788696764,0.94493634,0.1022964509394572,0.45454545454545453,0.6070833333333334,0.6935870614858295
Mixtral-8x7B,4,2,3.2379426802954265,0.2949642285685986,0.9528111,0.13966480446927376,0.38,0.52,0.9505025253169417
