llm_model,step_number,template_number,overall_score,semantic_similarity,accuracy_score,coherence_score,creativity_score,engagement_score,sentiment_alignment
ChatGPT,8,1,3.1998003757404616,0.2662254127307565,0.9256722,0.03399831413318348,0.6166666666666667,0.5518496347402597,0.8053881739695343
ChatGPT,8,2,3.094213090034799,0.2393656712940546,0.94870746,0.032048926763935476,0.6188340807174888,0.5643747324104467,0.6908822174917566
ChatGPT,8,3,2.9172890659340354,0.21470417001287934,0.9161465,0.019897338606650803,0.6130268199233716,0.5769653733363411,0.5765488472548661
ChatGPT,8,4,3.077090721483856,0.24820013131618082,0.9156242,0.02122378869374714,0.6833976833976834,0.5397100313479624,0.6689348854305217
ChatGPT,8,5,2.9678671220614943,0.21052164664648162,0.9332364,0.021874307313601734,0.6526315789473685,0.60117297596021,0.548430193039261
