llm_model,step_number,template_number,overall_score,semantic_similarity,accuracy_score,coherence_score,creativity_score,engagement_score,sentiment_alignment
Mixtral-8x7B,7,1,3.436877296737449,0.30122359083560635,0.9313046,0.005471585063929366,0.6842105263157895,0.5406182795698925,0.9740487409394751
Mixtral-8x7B,7,2,3.253709177004003,0.2921926063751475,0.9458419,0.018656716417910446,0.5806451612903226,0.5361767399267399,0.8801960445389883
Mixtral-8x7B,7,3,3.5202835540986683,0.2753927671889725,0.9253782,0.019649989573474923,0.71900826446281,0.5932563405797102,0.9875979889016717
Mixtral-8x7B,7,4,3.481921627036064,0.309181203148371,0.9395222,0.0010401786333439664,0.7125748502994012,0.524547619047619,0.9950555691240339
Mixtral-8x7B,7,5,3.494208864243206,0.30336182975980963,0.9121853,2.6047601992641554e-05,0.8112449799196787,0.4989716312056738,0.9684190644386076
