llm_model,step_number,template_number,overall_score,semantic_similarity,accuracy_score,coherence_score,creativity_score,engagement_score,sentiment_alignment
Mixtral-8x7B,7,2,3.25091967003379,0.29209093219891774,0.9458419,0.018656716417910446,0.5806451612903226,0.5361767399267399,0.8775082117450044
Mixtral-8x7B,7,5,3.490341690673689,0.3021824889842764,0.9121853,2.6047601992641554e-05,0.8112449799196787,0.4989716312056738,0.9657312316446236
Mixtral-8x7B,7,3,3.5253165268128406,0.2777379071091612,0.9253782,0.019649989573474923,0.71900826446281,0.5932563405797102,0.9902858216956557
Mixtral-8x7B,7,1,3.4344852017804977,0.30151932867263914,0.9313046,0.005471585063929366,0.6842105263157895,0.5406182795698925,0.9713609081454911
Mixtral-8x7B,7,4,3.478034492802334,0.3079819017086251,0.9395222,0.0010401786333439664,0.7125748502994012,0.524547619047619,0.9923677363300499
