llm_model,step_number,template_number,overall_score,semantic_similarity,accuracy_score,coherence_score,creativity_score,engagement_score,sentiment_alignment
Mixtral-8x7B,9,1,3.2571933657698624,0.304441009359101,0.91337657,0.05073906485671191,0.5648148148148148,0.5044168734491316,0.9194050335421784
Mixtral-8x7B,9,2,3.0195807346057593,0.2997121567665176,0.8977227,0.038854971091254596,0.44029850746268656,0.4913461538461539,0.8516462243392929
Mixtral-8x7B,9,3,3.383003633936827,0.2973708138183857,0.91984504,0.021378056172964233,0.6956521739130435,0.508122555410691,0.9406349900088582
Mixtral-8x7B,9,4,3.312035980942829,0.2902320436444922,0.91698396,8.731675608549281e-05,0.6153846153846154,0.515459943282524,0.9738880998160913
Mixtral-8x7B,9,5,3.3664578201690403,0.29880990810433244,0.88538015,0.04033613445378151,0.7189189189189189,0.4884726991758242,0.934540010628549
