llm_model,step_number,template_number,overall_score,semantic_similarity,accuracy_score,coherence_score,creativity_score,engagement_score,sentiment_alignment
ChatGPT,3,3,4.1514507889152865,0.269065890855271,0.8073628,0.0031553358983853054,0.6542553191489362,1.5991614190687362,0.818450029067859
ChatGPT,3,1,3.7352022935376072,0.29565335471449156,0.8002156,0.012889701619017884,0.563953488372093,1.1074659863945577,0.9550241605163658
ChatGPT,3,4,3.8698740499148547,0.2576673081889749,0.796947,0.00516780909699771,0.5523255813953488,1.53154358974359,0.7262227590790546
ChatGPT,3,2,3.385953360402379,0.20378071368170472,0.8046107,0.008509138512663009,0.610062893081761,1.2674333333333334,0.49155655257538733
ChatGPT,3,5,3.3440323899891378,0.2395913147394146,0.7979113,0.01597897876571266,0.5952380952380952,1.0378666666666665,0.6574460482251836
