llm_model,step_number,template_number,overall_score,semantic_similarity,accuracy_score,coherence_score,creativity_score,engagement_score,sentiment_alignment
ChatGPT,3,3,3.1268397406965835,0.2718931405089084,0.8073628,0.0031553358983853054,0.6436170212765957,0.5823614190687362,0.818450029067859
ChatGPT,3,1,3.1598401304975137,0.2961051451627697,0.8002156,0.012889701619017884,0.5581395348837209,0.5374659863945578,0.9550241605163658
ChatGPT,3,4,2.927008415255125,0.2574156270176172,0.796947,0.00516780909699771,0.5465116279069767,0.5947435897435898,0.7262227590790546
ChatGPT,3,2,2.8636455621543275,0.20420499090535135,0.8046107,0.008509138512663009,0.6289308176100629,0.7258333333333333,0.49155655257538733
ChatGPT,3,5,2.911463347497716,0.23809528812100844,0.7979113,0.01597897876571266,0.5793650793650794,0.6226666666666667,0.6574460482251836
