llm_model,step_number,template_number,overall_score,semantic_similarity,accuracy_score,coherence_score,creativity_score,engagement_score,sentiment_alignment
ChatGPT,3,3,3.1297462726124445,0.2694805234885994,0.8073628,0.0031553358983853054,0.648936170212766,0.5823614190687362,0.818450029067859
ChatGPT,3,1,3.1630926398020742,0.29354370097895816,0.8002156,0.012889701619017884,0.563953488372093,0.5374659863945578,0.9550241605163658
ChatGPT,3,4,2.9324163154537257,0.25700957372784616,0.796947,0.00516780909699771,0.5523255813953488,0.5947435897435898,0.7262227590790546
ChatGPT,3,2,2.863751349502329,0.20431077825335356,0.8046107,0.008509138512663009,0.6289308176100629,0.7258333333333333,0.49155655257538733
ChatGPT,3,5,2.920704180662781,0.23939961334956542,0.7979113,0.01597897876571266,0.5873015873015873,0.6226666666666667,0.6574460482251836
