llm_model,step_number,template_number,overall_score,semantic_similarity,accuracy_score,coherence_score,creativity_score,engagement_score,sentiment_alignment
Meta-Llama3-8B,4,4,3.289417029383386,0.30366113998334515,0.8922571,0.027999562506835832,0.6538461538461539,0.612,0.7996530786638115
Meta-Llama3-8B,4,1,3.0221679913316826,0.22607044824957848,0.94354916,0.030100334448160536,0.6142857142857143,0.5900000000000001,0.6181623381592644
Meta-Llama3-8B,4,3,3.135143673230316,0.2323061485136194,0.9347596,0.02211302211302211,0.7049180327868853,0.634375,0.6066718529649829
Meta-Llama3-8B,4,5,3.024966813883302,0.24326732063665982,0.9463078,0.02673213311511184,0.5692307692307692,0.7108333333333333,0.5285954792089684
Meta-Llama3-8B,4,2,3.238878943783895,0.2854907406046987,0.95303535,0.25252525252525254,0.42592592592592593,0.5946428571428571,0.7272588129709032
