llm_model,step_number,template_number,overall_score,semantic_similarity,accuracy_score,coherence_score,creativity_score,engagement_score,sentiment_alignment
Meta-Llama3-8B,4,4,3.334225901551985,0.2981604357858499,0.89501184,0.03433527385054057,0.6867469879518072,0.5955075187969925,0.8244638429159712
Meta-Llama3-8B,4,1,2.8365332303418556,0.17454448515549303,0.94710475,0.044722719141323794,0.6065573770491803,0.7,0.36360389693210726
Meta-Llama3-8B,4,3,3.155261543870857,0.2455452648789755,0.92054987,0.03896103896103896,0.66,0.6488095238095238,0.6413958466839652
Meta-Llama3-8B,4,5,3.156443819737901,0.27507134252989834,0.94367874,0.024269440316988605,0.625,0.5865340909090909,0.7018902092952168
Meta-Llama3-8B,4,2,2.9138717783003143,0.17667499888688326,0.94675064,0.10187110187110186,0.4444444444444444,0.70375,0.5403805922287441
