llm_model,step_number,template_number,overall_score,semantic_similarity,accuracy_score,coherence_score,creativity_score,engagement_score,sentiment_alignment
Meta-Llama3-8B,6,2,3.5202816335678433,0.2585180717303107,0.8084779,1.0,0.3333333333333333,0.32422764227642276,0.7957247076572196
Meta-Llama3-8B,6,5,3.370951931953864,0.23301592834666368,0.8546691,0.00021943057765099567,0.8088235294117647,0.5363636363636364,0.9378603131684549
Meta-Llama3-8B,6,3,2.8973107278746166,0.3041387615278363,0.8707807,0.009144069410068812,0.25,0.4718181818181818,0.9914290087128903
Meta-Llama3-8B,6,4,3.3810783008444734,0.29870935697093115,0.8724232,0.04059572423732884,0.6741573033707865,0.5296657754010695,0.9655269688672868
Meta-Llama3-8B,6,1,2.926881047868711,0.300398743286496,0.85073674,0.003076923076923077,0.2702702702702703,0.5023983739837399,1.0
