llm_model,step_number,template_number,overall_score,semantic_similarity,accuracy_score,coherence_score,creativity_score,engagement_score,sentiment_alignment
Meta-Llama3-8B,6,2,3.5808885785442466,0.2678949092293623,0.80791,1.0,0.28,0.378290113452188,0.8467935307429147
Meta-Llama3-8B,6,5,3.396587291837998,0.23179822743311523,0.85196745,0.021696252465483234,0.8169014084507042,0.5363636363636364,0.9378603131684549
Meta-Llama3-8B,6,3,2.835431612231087,0.30124448769770207,0.8663763,0.0059852009201331975,0.19672131147540983,0.51,0.955104331353235
Meta-Llama3-8B,6,4,3.3380500859742064,0.29703129956685004,0.8433274,0.0005458634468001484,0.7346938775510204,0.5146428571428572,0.9478087851981358
Meta-Llama3-8B,6,1,3.712516422500484,0.3003195517201675,0.8361538,1.0,0.17857142857142858,0.39747163695299836,1.0
