llm_model,step_number,template_number,overall_score,semantic_similarity,accuracy_score,coherence_score,creativity_score,engagement_score,sentiment_alignment
ChatGPT,7,1,3.4370320848046716,0.2969791677748467,0.8947704,0.01972327761712722,0.7419354838709677,0.5428051351164559,0.9408186365904351
ChatGPT,7,2,3.2169787706760453,0.2812334065069396,0.89406633,0.009778253511347692,0.656441717791411,0.5086872975509339,0.8667717615446611
ChatGPT,7,3,3.3247522995806458,0.2933822856435234,0.9183117,0.0007315342632925025,0.6666666666666666,0.5028885630498534,0.9427715348312724
ChatGPT,7,4,3.4615081694887824,0.3059085500290138,0.8506606,0.0020405135712346363,0.7894736842105263,0.5160144230769231,0.9974103764811808
ChatGPT,7,5,3.3525783992600147,0.29243127432143234,0.8770461,0.020695713875420248,0.7156862745098039,0.5278097200418629,0.9189093082656459
