llm_model,step_number,template_number,overall_score,semantic_similarity,accuracy_score,coherence_score,creativity_score,engagement_score,sentiment_alignment
ChatGPT,7,2,3.2143895900740445,0.28133205869892264,0.89406633,0.009778253511347692,0.656441717791411,0.5086872975509339,0.8640839287506771
ChatGPT,7,5,3.3488745200654404,0.2914152279208419,0.8770461,0.020695713875420248,0.7156862745098039,0.5278097200418629,0.9162214754716619
ChatGPT,7,3,3.3224922626257496,0.2938100814826109,0.9183117,0.0007315342632925025,0.6666666666666666,0.5028885630498534,0.9400837020372884
ChatGPT,7,1,3.4325426513165542,0.29517756708071313,0.8947704,0.01972327761712722,0.7419354838709677,0.5428051351164559,0.9381308037964511
ChatGPT,7,4,3.4637374471469493,0.30564641344352617,0.8506606,0.0020405135712346363,0.7894736842105263,0.5160144230769231,0.9999017907248352
