llm_model,step_number,template_number,overall_score,semantic_similarity,accuracy_score,coherence_score,creativity_score,engagement_score,sentiment_alignment
Mixtral-8x7B,2,1,3.7389759366046857,0.2810899143987612,0.82201713,0.40706713780918724,0.9314285714285714,0.40609066513321834,0.8912825145990158
Mixtral-8x7B,2,2,3.924193299026685,0.29009190890936853,0.77958184,0.4859016483592021,0.918552036199095,0.5242429610792239,0.9258228996731247
Mixtral-8x7B,2,3,3.619168035860941,0.2529793325189467,0.81164205,0.3125541125541126,0.9485714285714286,0.5451313015142802,0.7482898099590696
Mixtral-8x7B,2,4,3.7260433028351474,0.2890711638858768,0.8021733,0.35323716873532374,0.9235668789808917,0.4368943151921876,0.9211004595621382
Mixtral-8x7B,2,5,3.210317042936762,0.2387094753572328,0.83080137,0.15870400878638113,0.896551724137931,0.4162937304910226,0.6692567364044897
