llm_model,step_number,template_number,overall_score,semantic_similarity,accuracy_score,coherence_score,creativity_score,engagement_score,sentiment_alignment
Mixtral-8x7B,2,3,3.641444920590394,0.2527247215930339,0.802108,0.3125541125541126,0.9485714285714286,0.5771968581246932,0.7482898099590696
Mixtral-8x7B,2,4,3.736320860979857,0.28974770412465956,0.7847237,0.35323716873532374,0.9235668789808917,0.4639449504839785,0.9211004595621382
Mixtral-8x7B,2,1,3.7561179060841603,0.2811988847744928,0.8164905,0.40706713780918724,0.9314285714285714,0.4286503261098254,0.8912825145990158
Mixtral-8x7B,2,2,3.9458036755947914,0.29013955881817943,0.7668111,0.4859016483592021,0.918552036199095,0.5585764597188047,0.9258228996731247
Mixtral-8x7B,2,5,3.225243706699769,0.2394218852055801,0.831887,0.15870400878638113,0.896551724137931,0.4294223454057434,0.6692567364044897
