llm_model,step_number,template_number,overall_score,semantic_similarity,accuracy_score,coherence_score,creativity_score,engagement_score,sentiment_alignment
Mixtral-8x7B,1,1,4.154000906522075,0.34026066102087493,0.9470736,1.0,0.4666666666666667,0.4,1.0
Mixtral-8x7B,1,2,4.213017829398021,0.3365918520838022,0.9470142,1.0,0.5294117647058824,0.4,1.0
Mixtral-8x7B,1,3,4.181484714895486,0.3385320223867893,0.9429527,1.0,0.5,0.4,1.0
Mixtral-8x7B,1,4,3.5081383656897223,0.33692948129366745,0.8379642,0.01141660474228197,0.7777777777777778,0.5970833333333334,0.9469669914110089
Mixtral-8x7B,1,5,3.592095769249699,0.315512982994318,0.84266067,0.07547169811320754,0.8367346938775511,0.55,0.9717157287525381
