llm_model,step_number,template_number,overall_score,semantic_similarity,accuracy_score,coherence_score,creativity_score,engagement_score,sentiment_alignment
Mixtral-8x7B,3,3,2.866333237837401,0.28278929142541054,0.82631844,0.009455370650529501,0.37,0.49662121212121213,0.881148920818746
Mixtral-8x7B,3,1,2.8925212493750188,0.2638138046640564,0.7996204,0.021270438431486037,0.4657534246575342,0.530625,0.8114381916835873
Mixtral-8x7B,3,4,2.9438653294336086,0.27062571302938615,0.7965165,0.012653894265586938,0.48514851485148514,0.5295652173913044,0.8493555118341702
Mixtral-8x7B,3,2,2.9968069018208428,0.2472632755195214,0.80039144,0.02981229297018771,0.5887096774193549,0.5920454545454545,0.7385847657431551
Mixtral-8x7B,3,5,2.9991289173704256,0.2952929044514894,0.8420221,0.016168148746968473,0.38571428571428573,0.5165,0.9434314575050762
