llm_model,step_number,template_number,overall_score,semantic_similarity,accuracy_score,coherence_score,creativity_score,engagement_score,sentiment_alignment
Mixtral-8x7B,3,3,2.9501073272287677,0.25135322884155004,0.81103754,0.006618573227985801,0.506578947368421,0.57265625,0.8018627873550195
Mixtral-8x7B,3,1,3.0822613554775318,0.2729819871728517,0.8247299,0.014065751144402831,0.5727272727272728,0.5570238095238096,0.8407326154756014
Mixtral-8x7B,3,4,2.8914382583954445,0.277205199219573,0.79118323,0.008784135149189751,0.4157303370786517,0.515,0.8835353536869216
Mixtral-8x7B,3,2,2.6728652616047444,0.18068423799425365,0.8139131,0.008347245409015025,0.4166666666666667,0.5531196581196581,0.7001343464968159
Mixtral-8x7B,3,5,2.9060989628126865,0.2684725243598223,0.80629694,0.007071635669330315,0.35106382978723405,0.6146153846153847,0.8585786437626906
