llm_model,step_number,template_number,overall_score,semantic_similarity,accuracy_score,coherence_score,creativity_score,engagement_score,sentiment_alignment
Mixtral-8x7B,3,3,2.855443249593821,0.2818993031818307,0.82631844,0.009455370650529501,0.36,0.49662121212121213,0.881148920818746
Mixtral-8x7B,3,1,2.886679297879242,0.2648211682367731,0.7996204,0.021270438431486037,0.4589041095890411,0.530625,0.8114381916835873
Mixtral-8x7B,3,4,2.9352965112478353,0.2719578849426225,0.7965165,0.012653894265586938,0.4752475247524752,0.5295652173913044,0.8493555118341702
Mixtral-8x7B,3,2,2.998208155703638,0.24866452940231695,0.80039144,0.02981229297018771,0.5887096774193549,0.5920454545454545,0.7385847657431551
Mixtral-8x7B,3,5,2.9827576689740463,0.2932073703408241,0.8420221,0.016168148746968473,0.37142857142857144,0.5165,0.9434314575050762
