llm_model,step_number,template_number,overall_score,semantic_similarity,accuracy_score,coherence_score,creativity_score,engagement_score,sentiment_alignment
Meta-Llama3-8B,2,3,3.627736779509508,0.2730099786273198,0.784726,0.3819855609457962,0.9324324324324325,0.4021554807490006,0.853427303080948
Meta-Llama3-8B,2,4,3.4833167405874397,0.2902658823003828,0.8019956,0.15015604802136823,0.8878504672897196,0.43144517085184597,0.9216035966961139
Meta-Llama3-8B,2,1,3.4737538427138133,0.2834165807178338,0.7782911,0.09666410582043765,0.9135135135135135,0.5061213970124133,0.8957471394255552
Meta-Llama3-8B,2,2,3.4966609622867524,0.25044481999228063,0.7957936,0.3934727534648054,0.8721804511278195,0.4017527351146644,0.7830166096573422
Meta-Llama3-8B,2,5,3.28647030400386,0.271458134541533,0.7994975,0.10337552742616034,0.89171974522293,0.37541310751104573,0.8450063041413628
