llm_model,step_number,template_number,overall_score,semantic_similarity,accuracy_score,coherence_score,creativity_score,engagement_score,sentiment_alignment
Meta-Llama3-8B,2,3,4.517781298760507,0.2730099786273198,0.784726,0.3819855609457962,0.9324324324324325,1.2922,0.853427303080948
Meta-Llama3-8B,2,4,4.839229132760804,0.2902658823003828,0.8019956,0.15015604802136823,0.8878504672897196,1.78735756302521,0.9216035966961139
Meta-Llama3-8B,2,1,4.834403874272828,0.2834165807178338,0.7782911,0.09666410582043765,0.9135135135135135,1.8667714285714287,0.8957471394255552
Meta-Llama3-8B,2,2,4.168458227172088,0.25044481999228063,0.7957936,0.3934727534648054,0.8721804511278195,1.07355,0.7830166096573422
Meta-Llama3-8B,2,5,4.115557196492814,0.271458134541533,0.7994975,0.10337552742616034,0.89171974522293,1.2045000000000001,0.8450063041413628
