llm_model,step_number,template_number,overall_score,semantic_similarity,accuracy_score,coherence_score,creativity_score,engagement_score,sentiment_alignment
Meta-Llama3-8B,2,3,3.630115913243782,0.27445953401876555,0.8067482,0.3819855609457962,0.9324324324324325,0.38106287138202033,0.853427303080948
Meta-Llama3-8B,2,4,3.456423297488467,0.29143442279303666,0.8060665,0.15015604802136823,0.8878504672897196,0.3993122496267053,0.9216035966961139
Meta-Llama3-8B,2,1,3.45882937585189,0.2827999472448697,0.79622847,0.09666410582043765,0.9135135135135135,0.473876201429393,0.8957471394255552
Meta-Llama3-8B,2,2,3.493531947357553,0.24959787221612692,0.809432,0.3934727534648054,0.8721804511278195,0.38583223116733756,0.7830166096573422
Meta-Llama3-8B,2,5,3.2884015151530286,0.2717016373037016,0.8208332,0.10337552742616034,0.89171974522293,0.35576509488211616,0.8450063041413628
