llm_model,step_number,template_number,overall_score,semantic_similarity,accuracy_score,coherence_score,creativity_score,engagement_score,sentiment_alignment
Meta-Llama3-8B,2,1,3.496002050079811,0.2954882781292936,0.7958644,0.09928122419827883,0.9166666666666666,0.4418346719410549,0.9468668058966836
Meta-Llama3-8B,2,2,3.4306443334269177,0.26478666384599026,0.8259403,0.24483914766272272,0.8735632183908046,0.3934554428703365,0.8280595497020165
Meta-Llama3-8B,2,3,3.599861865679717,0.2787310321888542,0.81202155,0.3578246814983838,0.9354838709677419,0.3382675114324051,0.877533216075944
Meta-Llama3-8B,2,4,3.793051438791579,0.30031993521955247,0.7980062,0.3321630754377496,0.9148936170212766,0.47778249324920574,0.9698861409152469
Meta-Llama3-8B,2,5,3.3313076825684567,0.2809627181085414,0.8227576,0.10535424437540986,0.8957055214723927,0.3372092677784167,0.8893183290957198
