llm_model,step_number,template_number,overall_score,semantic_similarity,accuracy_score,coherence_score,creativity_score,engagement_score,sentiment_alignment
Mixtral-8x7B,8,1,3.1741059966430907,0.29527882322456156,0.84287417,0.003439105988411538,0.5714285714285714,0.5238636363636364,0.937221690288239
Mixtral-8x7B,8,2,2.7789690791139394,0.22173530179655973,0.8014355,0.009738283627510651,0.5276381909547738,0.5706547619047619,0.6477670702492782
Mixtral-8x7B,8,3,2.851260453679238,0.220214026077848,0.7661471,0.014240161412153564,0.6210045662100456,0.5520813397129187,0.6775732831826843
Mixtral-8x7B,8,4,2.902166286771338,0.24659962497583846,0.8226548,0.029850746268656716,0.632258064516129,0.5876704545454545,0.5831326127395209
Mixtral-8x7B,8,5,2.8996340585834712,0.23919779341712713,0.8354867,0.020514688031075506,0.5777777777777777,0.5355614973262033,0.6910955919597236
