llm_model,step_number,template_number,overall_score,semantic_similarity,accuracy_score,coherence_score,creativity_score,engagement_score,sentiment_alignment
Meta-Llama3-8B,9,1,3.2997956129659403,0.2939285428239617,0.8689485,0.03053805138148327,0.5714285714285714,0.5654707792207793,0.9694811488812559
Meta-Llama3-8B,9,4,3.045056366921999,0.2857037448295826,0.8833531,1.703232546124484e-05,0.5145631067961165,0.5966796875,0.7647396813427257
Meta-Llama3-8B,9,3,3.2002102484832493,0.2994709707615279,0.8933363,0.0040097081330136165,0.6836734693877551,0.5034692222670946,0.8162505818523148
Meta-Llama3-8B,9,5,3.0598390232189385,0.2820728142489299,0.95947754,0.007837040733419062,0.5128205128205128,0.5299241071428572,0.7677070044423479
Meta-Llama3-8B,9,2,4.039147989674227,0.30569921350989376,0.8680632,1.0,0.44144144144144143,0.5169679487179487,0.9069761745639031
