llm_model,step_number,template_number,overall_score,semantic_similarity,accuracy_score,coherence_score,creativity_score,engagement_score,sentiment_alignment
Meta-Llama3-8B,9,1,3.132100327492498,0.302144626639434,0.74981344,0.02107042986278208,0.6050420168067226,0.5437030075187971,0.910326809202909
Meta-Llama3-8B,9,4,3.1742544091344076,0.285540555168427,0.73669314,0.029595329172538758,0.5869565217391305,0.555879120879121,0.979589738330586
Meta-Llama3-8B,9,3,3.1334951473652497,0.2967028814795149,0.76356596,0.02191062471500228,0.5821917808219178,0.5371672293224018,0.9319566734801785
Meta-Llama3-8B,9,5,3.000808569293876,0.28222333478970374,0.9039829,0.007293825832805739,0.5096774193548387,0.5299241071428572,0.7677070044423479
Meta-Llama3-8B,9,2,3.8497158957802418,0.3081271205187052,0.7085317,1.0,0.4247787610619469,0.5163387573964497,0.8919395790802096
