llm_model,step_number,template_number,overall_score,semantic_similarity,accuracy_score,coherence_score,creativity_score,engagement_score,sentiment_alignment
Meta-Llama3-8B,3,3,2.9930298747042423,0.2629591456112953,0.8569418,0.003805899143672693,0.5072463768115942,0.5641071428571429,0.7979694910895578
Meta-Llama3-8B,3,1,3.1594614624437787,0.26655779437803023,0.83860016,0.011662752085526848,0.61,0.6081547619047619,0.8244859953840534
Meta-Llama3-8B,3,4,2.9986940342544877,0.25550653508967824,0.830222,0.007757404795486601,0.6052631578947368,0.6205,0.6794449258620985
Meta-Llama3-8B,3,2,3.0480230841551776,0.2547035126557404,0.866148,0.006506546710579163,0.5866666666666667,0.625,0.7089983631270746
Meta-Llama3-8B,3,5,3.0455508858301052,0.2273918209969997,0.8675902,0.008470986869970352,0.6666666666666666,0.650475113122172,0.6249561091941939
