llm_model,step_number,template_number,overall_score,semantic_similarity,accuracy_score,coherence_score,creativity_score,engagement_score,sentiment_alignment
Meta-Llama3-8B,3,1,4.3664423653645095,0.279071376234606,0.822943,1.0,0.7653061224489796,0.615607448107448,0.8835144463902479
Meta-Llama3-8B,3,2,3.0364759791955054,0.27374094366196017,0.86942303,0.01041558171023852,0.5074626865671642,0.5460743801652893,0.8293593552839076
Meta-Llama3-8B,3,3,2.911108345101086,0.26770129829645156,0.853915,0.007175692342190829,0.4126984126984127,0.58175,0.7878679656440357
Meta-Llama3-8B,3,4,3.057162493721916,0.258911531531385,0.8290186,0.0077234637924922505,0.5275590551181102,0.5964772727272727,0.837472577718183
Meta-Llama3-8B,3,5,3.04587896349717,0.2350585875660181,0.86500543,0.008177283506419167,0.6455696202531646,0.6310633484162896,0.661004690195861
