llm_model,step_number,template_number,overall_score,semantic_similarity,accuracy_score,coherence_score,creativity_score,engagement_score,sentiment_alignment
Meta-Llama3-8B,3,3,3.0013918199078793,0.26804801982772697,0.86193174,0.00627177700348432,0.5081967213114754,0.5683823529411764,0.7885612075863755
Meta-Llama3-8B,3,1,3.1417384102470347,0.2837108458103422,0.83365196,0.010738549200087662,0.5365853658536586,0.5725210084033614,0.904530681083497
Meta-Llama3-8B,3,4,3.055366517957501,0.24596242441982027,0.8437309,0.006918061218134519,0.6616541353383458,0.6427976190476191,0.6543033514199099
Meta-Llama3-8B,3,2,3.1090070172446294,0.30758822610229253,0.87697023,0.010969723562966214,0.4533333333333333,0.512,0.9481455027129865
Meta-Llama3-8B,3,5,3.0268881868318966,0.2555459800635774,0.85073495,0.010979016436042358,0.5425531914893617,0.5936111111111111,0.7734639386198653
