llm_model,step_number,template_number,overall_score,semantic_similarity,accuracy_score,coherence_score,creativity_score,engagement_score,sentiment_alignment
Meta-Llama3-8B,3,3,3.090991819907879,0.26804801982772697,0.86193174,0.00627177700348432,0.5081967213114754,0.6579823529411765,0.7885612075863755
Meta-Llama3-8B,3,1,3.498538410247035,0.2837108458103422,0.83365196,0.010738549200087662,0.5365853658536586,0.9293210084033614,0.904530681083497
Meta-Llama3-8B,3,4,4.236566517957502,0.24596242441982027,0.8437309,0.006918061218134519,0.6616541353383458,1.823997619047619,0.6543033514199099
Meta-Llama3-8B,3,2,3.201807017244629,0.30758822610229253,0.87697023,0.010969723562966214,0.4533333333333333,0.6048,0.9481455027129865
Meta-Llama3-8B,3,5,3.3432881868318964,0.2555459800635774,0.85073495,0.010979016436042358,0.5425531914893617,0.9100111111111111,0.7734639386198653
