llm_model,step_number,template_number,overall_score,semantic_similarity,accuracy_score,coherence_score,creativity_score,engagement_score,sentiment_alignment
ChatGPT,1,2,2.7612385030778945,0.37198303908109664,0.4962368,0.08888888888888889,0.625,0.2027,0.9764297739604484
ChatGPT,1,1,3.738849800745646,0.4435072898864746,0.62667584,1.0,0.6666666666666666,0.002,1.0
