llm_model,step_number,template_number,overall_score,semantic_similarity,accuracy_score,coherence_score,creativity_score,engagement_score,sentiment_alignment
ChatGPT,1,1,3.8007762796348996,0.37324011921882627,0.91642505,1.0,0.1111111111111111,0.4,1.0
ChatGPT,1,2,3.8527988828718662,0.3727319873869419,0.9800669,1.0,0.1,0.4,1.0
ChatGPT,1,3,3.795607817918062,0.36349881961941716,0.932109,1.0,0.1,0.4,1.0
ChatGPT,1,4,2.77659987954075,0.21290394544601438,0.86299586,0.13089005235602094,0.5217391304347826,0.7375,0.3105708883431162
ChatGPT,1,5,3.4829638968194114,0.27157944510132076,0.84551096,0.06870229007633587,0.8367346938775511,0.616,0.8444365081389595
