,semantic_similarity,accuracy_score,coherence_score,creativity_score,engagement_score,sentiment_alignment
0,0.37198303908109664,0.4962368,0.08888888888888889,0.625,0.2027,0.9764297739604484
1,0.4435072898864746,0.62667584,1.0,0.6666666666666666,0.002,1.0
