llm_model,step_number,template_number,overall_score,semantic_similarity,accuracy_score,coherence_score,creativity_score,engagement_score,sentiment_alignment
Meta-Llama3-8B,5,1,3.2149098826132585,0.2907528753484052,0.9037963,0.0029758362099750026,0.42592592592592593,0.6864880952380953,0.9049708346976808
Meta-Llama3-8B,5,2,3.2657996694670324,0.27168343874877166,0.869208,0.0002527078346448402,0.5625,0.6775,0.8846555446350197
Meta-Llama3-8B,5,3,3.2150593967376766,0.28989530184054896,0.86736655,0.0008351785451911502,0.5,0.6157894736842106,0.9411728903148202
Meta-Llama3-8B,5,4,3.371519813834437,0.3047506024280474,0.82945454,0.050642927794263104,0.5802469135802469,0.6207894736842106,0.9856353551413092
Meta-Llama3-8B,5,5,3.2975236548732716,0.3021662009757554,0.890983,0.00216237684932867,0.5223880597014925,0.6786363636363637,0.9011876682138101
