llm_model,step_number,template_number,overall_score,semantic_similarity,accuracy_score,coherence_score,creativity_score,engagement_score,sentiment_alignment
Meta-Llama3-8B,5,1,3.3217485731538683,0.3079835343080025,0.9054081,0.0033314060736213216,0.4642857142857143,0.6414880952380952,0.9992517388558871
Meta-Llama3-8B,5,4,3.2715451716480444,0.3038587682570966,0.8235036,0.0014694246637278173,0.5350877192982456,0.645,0.9626256459569892
Meta-Llama3-8B,5,3,3.3052022953926214,0.28113103653321464,0.8808089,0.00031527739681759,0.6413043478260869,0.5968589743589744,0.9047837694116528
Meta-Llama3-8B,5,5,3.2927933546452213,0.30012931447473457,0.90076363,0.0022416395992497363,0.5107913669064749,0.6616042780748663,0.9172631247228914
Meta-Llama3-8B,5,2,3.1018889623697383,0.25786507320937146,0.89616215,0.00048541284858091035,0.475,0.7150000000000001,0.7573763240214413
