llm_model,step_number,template_number,overall_score,semantic_similarity,accuracy_score,coherence_score,creativity_score,engagement_score,sentiment_alignment
Mixtral-8x7B,5,1,3.188932366488976,0.28766418424432005,0.888677,0.0015455950540958269,0.4423076923076923,0.5814583333333334,0.9872795605500833
Mixtral-8x7B,5,2,2.838448849609926,0.27814782986956316,0.90152323,0.00024786218862312553,0.23809523809523808,0.5463636363636364,0.8740710506328432
Mixtral-8x7B,5,3,3.301201656768175,0.30201653764213593,0.8874688,0.0018759663791650485,0.5205479452054794,0.5989772727272727,0.990315119964268
Mixtral-8x7B,5,4,2.7303912248937436,0.23485068859112643,0.88085073,0.00034548612777228623,0.42245989304812837,0.5266190476190477,0.6652653771811619
Mixtral-8x7B,5,5,3.278968683607085,0.30132941561588455,0.92764103,0.0023468152983022257,0.48623853211009177,0.5873214285714285,0.9740914578850961
